{
  "project_info": {
    "project_number": "13819041272",
    "project_id": "moodminder-2c63b",
    "storage_bucket": "moodminder-2c63b.firebasestorage.app"
  },
  "client": [
    {
      "client_info": {
        "mobilesdk_app_id": "1:13819041272:android:88220db05cf0ea242db20d",
        "android_client_info": {
          "package_name": "com.example.moodminder"
        }
      },
      "oauth_client": [],
      "api_key": [
        {
          "current_key": "AIzaSyANUYUPkGaM6lxeJDa2xiNGr3dhk2wPHEk"
        }
      ],
      "services": {
        "appinvite_service": {
          "other_platform_oauth_client": []
        }
      }
    }
  ],
  "configuration_version": "1"
}